key,f,dP1,LRC,P1,G2,l1,l2,f1,f2,N,exp_f,unexp_f,unexp_r,dP2,P2,adv,adv_total,adj,adj_total,odds_r_disc,t,MI
COM~longer_lasting,151,0.47420514,2.3157935,0.9741936,177.7261098,COMPLEMENT,longer_lasting,3173681,155,6347362,77.5,73.5,0.48675495,4.6318455e-05,4.7578822e-05,longer,1803,lasting,1450,1.5272202,5.981345,0.28967524
NEGany~longer_available,65,0.5000051,1.6759124,1.0,90.1097991,NEGATED,longer_available,3173681,65,6347362,32.5,32.5,0.5,2.048095e-05,2.048095e-05,longer,1803,available,81972,2.1172802,4.031129,0.30103
NEGmir~longer_viable,57,0.5000489,1.5868266,1.0,79.02434539794922,NEGMIR,longer_viable,291735,57,583470,28.5,28.5,0.5,0.0001953828,0.0001953828,longer,841,viable,248,2.0607827,3.7749171,0.30103
NEGany~longer_viable,61,0.5000048,1.5707992,1.0,84.5645423,NEGATED,longer_viable,3173681,61,6347362,30.5,30.5,0.5,1.9220583e-05,1.9220583e-05,longer,1803,viable,4288,2.0899134,3.905125,0.30103
NEGany~longer_pink,51,0.500004,1.2692735,1.0,70.7014222,NEGATED,longer_pink,3173681,51,6347362,25.5,25.5,0.5,1.6069667e-05,1.6069667e-05,longer,1803,pink,610,2.012844,3.5707142,0.30103
NEGmir~longer_pink,42,0.500036,1.0680528,1.0,58.227386474609375,NEGMIR,longer_pink,291735,42,583470,21.0,21.0,0.5,0.00014396627,0.00014396627,longer,841,pink,94,1.9294815,3.2403703,0.30103
