key,l1,l2,f,E11,am_log_likelihood,am_odds_ratio_disc,am_p1_given2,am_p2_given1,am_p1_given2_simple,am_p2_given1_simple,f1,f2,N,Fyy(O11),Fyn(O12),Fny(O21),Fnn(O22),Fy_(R1),Fn_(R2),F_y(C1),F_n(C2),E12,E21,E22,t_score,dice,mutual_information,deltaP_min,deltaP_max,deltaP_abs_max,deltaP_mean,unexpected_f,unexpected_ratio,conservative_log_ratio,conservative_log_ratio_001,conservative_log_ratio_01,conservative_log_ratio_05,conservative_log_ratio_nc,conservative_log_ratio_dv,f_sqrt,f1_sqrt,f2_sqrt,first_char
too~late,too,late,11381,1390.7258,48526.676,2.92749,0.8864125,0.16102576,0.9899104,0.16125193,70579,11497,583470,11381.0,59198.0,116.0,512775.0,70579.0,512891.0,11497.0,571973.0,69188.274233465,10106.274233465,502784.725766535,93.64556,0.27732834,0.9129389,0.16102576,0.8864125,0.8864125,0.52371913,9990.274,0.87780285,8.831881,8.797823,8.84722,8.884628,9.108008,9.066598,106.68176976409794,265.6670849013856,107.2240644631605,t
too~early,too,early,5206,636.0299,21768.975,2.8909664,0.8770497,0.07365993,0.99011034,0.07376132,70579,5258,583470,5206.0,65373.0,52.0,512839.0,70579.0,512891.0,5258.0,578212.0,69942.970072155,4621.970072155,508269.029927845,63.33755,0.13729446,0.91302663,0.07365993,0.8770497,0.8770497,0.47535482,4569.97,0.8778275,8.571748,8.524478,8.593092,8.645281,8.961165,8.902048,72.15261603018979,265.6670849013856,72.5120679611332,t
mor~important,more,important,14501,4334.913,24094.555,0.9934506,0.5083046,0.10537743,0.69928145,0.11888989,121970,20737,583470,14501.0,107469.0,6236.0,455264.0,121970.0,461500.0,20737.0,562733.0,117635.086653984,16402.086653984,445097.913346016,84.421844,0.2032276,0.5244175,0.10537743,0.5083046,0.5083046,0.30684102,10166.087,0.70106107,3.0258386,3.0194454,3.0287023,3.0356448,3.0759237,3.068606,120.42009799032718,349.24203641600764,144.00347218036097,m
