key,l1,l2,f,E11,am_log_likelihood,am_odds_ratio_disc,am_p1_given2,am_p2_given1,am_p1_given2_simple,am_p2_given1_simple,f1,f2,N,Fyy(O11),Fyn(O12),Fny(O21),Fnn(O22),Fy_(R1),Fn_(R2),F_y(C1),F_n(C2),E12,E21,E22,t_score,dice,mutual_information,deltaP_min,deltaP_max,deltaP_abs_max,deltaP_mean,unexpected_f,unexpected_ratio,conservative_log_ratio,conservative_log_ratio_001,conservative_log_ratio_01,conservative_log_ratio_05,conservative_log_ratio_nc,conservative_log_ratio_dv,f_sqrt,f1_sqrt,f2_sqrt,adv,adj,adv_total,adj_total
NEG~too_early,NEGMIR,too_early,5156,2602.9731,6698.1675,2.0167425,0.49481583,0.01750237,0.9903957,0.017673755,291732,5206,583470,5156.0,286576.0,50.0,291688.0,291732.0,291738.0,5206.0,578264.0,289129.026767443,2603.0269,289134.973232557,35.554855,0.03472779,0.2968432,0.01750237,0.49481583,0.49481583,0.2561591,2553.0269,0.49515647,5.715465,5.6687694,5.7365127,5.787867,6.132201,6.0720887,71.80529228406496,540.122208393619,72.15261603018979,too,early,70579,5258
NEG~too_late,NEGMIR,too_late,10998,5690.4414,12623.63,1.4736955,0.47563007,0.036386162,0.9663474,0.037698984,291732,11381,583470,10998.0,280734.0,383.0,291355.0,291732.0,291738.0,11381.0,572089.0,286041.558517147,5690.5586,286047.441482853,50.610188,0.07256699,0.28616774,0.036386162,0.47563007,0.47563007,0.25600812,5307.5586,0.48259306,4.4640193,4.4441094,4.4729466,4.49461,4.635566,4.6114864,104.8713497576912,540.122208393619,106.68176976409794,too,late,70579,11497
NEG~more_important,NEGMIR,more_important,12201,7250.4253,7590.9287,0.7397165,0.35009634,0.033938847,0.84139025,0.04182263,291732,14501,583470,12201.0,279531.0,2300.0,289438.0,291732.0,291738.0,14501.0,568969.0,284481.574559103,7250.5747,284487.425440897,44.818558,0.07968442,0.22603193,0.033938847,0.35009634,0.35009634,0.1920176,4950.5747,0.40575156,2.237096,2.2278683,2.2412248,2.2512207,2.3154795,2.3045971,110.4581368664165,540.122208393619,120.42009799032718,more,important,121971,20737
