key,l1,l2,f,E11,am_log_likelihood,am_odds_ratio_disc,am_p1_given2,am_p2_given1,am_p1_given2_simple,am_p2_given1_simple,f1,f2,N,Fyy(O11),Fyn(O12),Fny(O21),Fnn(O22),Fy_(R1),Fn_(R2),F_y(C1),F_n(C2),E12,E21,E22,t_score,dice,mutual_information,deltaP_min,deltaP_max,deltaP_abs_max,deltaP_mean,unexpected_f,unexpected_ratio,conservative_log_ratio,conservative_log_ratio_001,conservative_log_ratio_01,conservative_log_ratio_05,conservative_log_ratio_nc,conservative_log_ratio_dv,f_sqrt,f1_sqrt,f2_sqrt,adv,adj,adv_total,adj_total
NEG~too_early,NEGMIR,too_early,5156,2603.0,6698.0615,2.0167334,0.49481064,0.017502185,0.9903957,0.017673574,291735,5206,583470,5156.0,286579.0,50.0,291685.0,291735.0,291735.0,5206.0,578264.0,289132.0,2603.0,289132.0,35.55448,0.034727436,0.29683873,0.017502185,0.49481064,0.49481064,0.2561564,2553.0,0.49515128,5.7154355,5.6687393,5.736483,5.7878375,6.1321716,6.072059,71.80529228406496,540.1249855357554,72.15261603018979,too,early,70579,5258
NEG~too_late,NEGMIR,too_late,10998,5690.5,12623.407,1.4736865,0.47562483,0.03638576,0.9663474,0.037698597,291735,11381,583470,10998.0,280737.0,383.0,291352.0,291735.0,291735.0,11381.0,572089.0,286044.5,5690.5,286044.5,50.609627,0.07256628,0.2861633,0.03638576,0.47562483,0.47562483,0.2560053,5307.5,0.48258775,4.4639897,4.44408,4.472917,4.4945803,4.6355367,4.611457,104.8713497576912,540.1249855357554,106.68176976409794,too,late,70579,11497
NEG~more_important,NEGMIR,more_important,12201,7250.5,7590.7197,0.7397074,0.35009107,0.033938333,0.84139025,0.041822203,291735,14501,583470,12201.0,279534.0,2300.0,289435.0,291735.0,291735.0,14501.0,568969.0,284484.5,7250.5,284484.5,44.817883,0.07968365,0.22602747,0.033938333,0.35009107,0.35009107,0.19201471,4950.5,0.40574542,2.2370665,2.2278388,2.2411952,2.251191,2.31545,2.3045676,110.4581368664165,540.1249855357554,120.42009799032718,more,important,121970,20737
