key,f,exp_f,unexp_f,dP1,P1,dP2,P2,LRC,G2,N,f1,f2,l1,l2
necessarily~indicative,1400,5.4753213,1394.5246787,0.17116848,0.17182131,0.028509662,0.028602365,8.025168,13028.0,72839589,48947,8148,necessarily,indicative
necessarily~cause,52,0.49928372,51.50071628,0.06931526,0.069986545,0.0010528807,0.0010623736,5.462837,383.87629,72839589,48947,743,necessarily,cause
necessarily~representative,492,12.334257,479.665743,0.02613929,0.026804686,0.009806287,0.010051688,4.967079,2685.1637,72839589,48947,18355,necessarily,representative
necessarily~true,3460,155.65758,3304.34242,0.014310561,0.014937036,0.067553975,0.0706887,4.353236,15129.321,72839589,48947,231639,necessarily,true
necessarily~synonymous,167,5.5405037,161.4594963,0.019584933,0.0202547,0.0033008778,0.0034118537,4.2536373,818.37283,72839589,48947,8245,necessarily,synonymous
necessarily~incompatible,112,3.5830159,108.4169841,0.020334756,0.02100525,0.0022164767,0.0022881893,4.139198,556.70146,72839589,48947,5332,necessarily,incompatible
necessarily~reflective,183,7.5510783,175.4489217,0.015615911,0.016285485,0.0035868776,0.003738738,3.9674125,819.22118,72839589,48947,11237,necessarily,reflective
necessarily~predictive,58,1.626872,56.373128,0.023285832,0.023957042,0.0011524922,0.0011849551,3.9489458,303.20153,72839589,48947,2421,necessarily,predictive
necessarily~incomplete,124,5.1299218,118.8700782,0.015572771,0.016243123,0.0024301799,0.0025333525,3.8094156,554.33827,72839589,48947,7634,necessarily,incomplete
necessarily~evil,224,15.258057,208.741943,0.0091961175,0.009865234,0.0042675203,0.0045763785,3.3037877,788.90389,72839589,48947,22706,necessarily,evil
