key,f,exp_f,unexp_f,dP1,P1,dP2,P2,LRC,G2,N,f1,f2,l1,l2
inherently~governmental,40,0.0949969,39.9050031,0.5700778,0.5714286,0.0046388707,0.004643603,8.0248575,432.85224,6347364,8614,70,inherently,governmental
inherently~evil,392,4.3033603,387.6966397,0.12232432,0.12362031,0.045068897,0.04550731,6.262592,2829.1899,6347364,8614,3171,inherently,evil
inherently~wrong,1678,28.9496314,1649.0503686,0.077564746,0.078661166,0.19169855,0.19479917,5.7723536,10797.342,6347364,8614,21332,inherently,wrong
inherently~sinful,38,0.4871985,37.5128015,0.104498394,0.10584958,0.0043607824,0.004411423,4.9049096,260.31482,6347364,8614,359,inherently,sinful
inherently~improper,25,0.2904191,24.7095809,0.115469225,0.11682243,0.0028724356,0.0029022521,4.622931,176.39111,6347364,8614,214,inherently,improper
inherently~unsafe,47,0.8563293,46.1436707,0.073135115,0.074484944,0.0053641023,0.005456234,4.5420675,287.91855,6347364,8614,631,inherently,unsafe
inherently~immoral,43,0.9418266,42.0581734,0.06060918,0.061959654,0.004889172,0.0049918736,4.192524,247.31274,6347364,8614,694,inherently,immoral
inherently~racist,67,2.183572,64.816428,0.040293887,0.04164077,0.0075347703,0.007778036,3.912183,332.28724,6347364,8614,1609,inherently,racist
inherently~flawed,61,2.1442161,58.8557839,0.037259772,0.038607594,0.006841858,0.007081495,3.7406492,293.38352,6347364,8614,1580,inherently,flawed
inherently~unstable,47,1.6868738,45.3131262,0.036461785,0.037811745,0.0052675535,0.005456234,3.5256279,224.05096,6347364,8614,1243,inherently,unstable
